1001	Abitibi-Est
1002	Abitibi-Ouest
1003	Acadie
1004	Anjou–Louis-Riel
1005	Argenteuil
1006	Arthabaska-L’Érable
1007	Beauce-Nord
1008	Beauce-Sud
1009	Beauharnois
1010	Bellechasse
1011	Berthier
1012	Bertrand
1013	Blainville
1014	Bonaventure
1015	Borduas
1016	Bourassa-Sauvé
1017	Camille-Laurin
1018	Brome-Missisquoi
1019	Chambly
1020	Champlain
1021	Chapleau
1022	Charlesbourg
1023	Charlevoix–Côte-de-Beaupré
1024	Châteauguay
1025	Chauveau
1026	Chicoutimi
1027	Chomedey
1028	Chutes-de-la-Chaudière
1029	Côte-du-Sud
1030	D’Arcy-McGee
1031	Deux-Montagnes
1032	Drummond–Bois-Francs
1033	Dubuc
1034	Duplessis
1035	Fabre
1036	Gaspé
1037	Gatineau
1038	Gouin
1039	Granby
1040	Groulx
1041	Hochelaga-Maisonneuve
1042	Hull
1043	Huntingdon
1044	Iberville
1045	Îles-de-la-Madeleine
1046	Jacques-Cartier
1047	Jean-Lesage
1048	Jean-Talon
1049	Jeanne-Mance–Viger
1050	Daniel-Johnson
1051	Joliette
1052	Jonquière
1053	L’Assomption
1054	La Peltrie
1055	La Pinière
1056	La Prairie
1057	Labelle
1058	Lac-Saint-Jean
1059	LaFontaine
1060	Pierre-Laporte
1061	Laurier-Dorion
1062	Laval-des-Rapides
1063	Laviolette–Saint-Maurice
1064	Les Plaines
1065	Lévis
1066	Lotbinière-Frontenac
1067	Louis-Hébert
1068	Marguerite-Bourgeoys
1069	Marie-Victorin
1070	Marquette
1071	Maskinongé
1072	Masson
1073	Matane-Matapédia-Mitis
1074	Maurice-Richard
1075	Mégantic
1076	Mercier
1077	Mille-Îles
1078	Mirabel
1079	Mont-Royal–Outremont
1080	Montarville
1081	Montmorency
1082	Nelligan
1083	Nicolet-Bécancour
1084	Notre-Dame-de-Grâce
1085	Orford
1086	Papineau
1087	Pointe-aux-Trembles
1088	Pontiac
1089	Portneuf
1090	Prévost
1091	René-Lévesque
1092	Repentigny
1093	Richelieu
1094	Richmond
1095	Rimouski
1096	Rivière-du-Loup–Témiscouata–Les Basques
1097	Robert-Baldwin
1098	Roberval
1099	Rosemont
1100	Rousseau
1101	Rouyn-Noranda–Témiscamingue
1102	Saint-François
1103	Saint-Henri–Sainte-Anne
1104	Saint-Hyacinthe
1105	Saint-Jean
1106	Saint-Jérôme
1107	Saint-Laurent
1108	Sainte-Marie–Saint-Jacques
1109	Sainte-Rose
1110	Sanguinet
1111	Sherbrooke
1112	Soulanges
1113	Taillon
1114	Taschereau
1115	Terrebonne
1116	Trois-Rivières
1117	Ungava
1118	Vachon
1119	Vanier-Les Rivières
1120	Vaudreuil
1121	Verchères
1122	Verdun
1123	Viau
1124	Vimont-Auteuil
1125	Westmount–Saint-Louis
1126	Bellefeuille
1127	Marie-Lacoste-Gérin-Lajoie