DATE_SCRUTIN;NOM_CIRCONSCRIPTION;CODE_CIRCONSCRIPTION;NOMBRE_ELECTEURS_AU_DECRET;NOMBRE_ELECTEURS_APRES_REVISION_ORDINAIRE;NOMBRE_ELECTEURS_APRES_REVISION_SPECIALE
2026-10-05;Abitibi-Est;689;33421;33429;
2026-10-05;Abitibi-Ouest;681;35359;35289;
2026-10-05;Acadie;299;49937;50138;
2026-10-05;Anjou-Louis-Riel;833;41335;41453;
2026-10-05;Argenteuil;589;42989;43001;
2026-10-05;Arthabaska-L'Érable;147;61868;61872;
2026-10-05;Beauce-Nord;781;46549;46579;
2026-10-05;Beauce-Sud;777;50761;50762;
2026-10-05;Beauharnois;179;59767;59845;
2026-10-05;Bellechasse;797;46149;46173;
2026-10-05;Bellefeuille;591;45279;45339;
2026-10-05;Berthier;627;53939;53987;
2026-10-05;Bertrand;641;59914;59961;
2026-10-05;Blainville;607;62280;62317;
2026-10-05;Bonaventure;837;35864;35842;
2026-10-05;Borduas;237;58595;58591;
2026-10-05;Bourassa-Sauvé;327;44066;44160;
2026-10-05;Brome-Missisquoi;157;57369;57396;
2026-10-05;Camille-Laurin;337;49084;49193;
2026-10-05;Chambly;207;54342;54414;
2026-10-05;Champlain;701;60661;60692;
2026-10-05;Chapleau;667;58916;59068;
2026-10-05;Charlesbourg;767;57485;57554;
2026-10-05;Charlevoix-Côte-de-Beaupré;771;55904;55921;
2026-10-05;Châteauguay;191;56790;56908;
2026-10-05;Chauveau;769;59824;59887;
2026-10-05;Chicoutimi;821;45772;45787;
2026-10-05;Chomedey;351;56887;57019;
2026-10-05;Chutes-de-la-Chaudière;789;61947;62021;
2026-10-05;Côte-du-Sud;799;50522;50539;
2026-10-05;Daniel-Johnson;131;49410;49446;
2026-10-05;D'Arcy-McGee;277;56631;56790;
2026-10-05;Deux-Montagnes;581;50335;50427;
2026-10-05;Drummond-Bois-Francs;141;53549;53578;
2026-10-05;Dubuc;819;43080;43118;
2026-10-05;Duplessis;813;37076;37073;
2026-10-05;Fabre;357;58413;58514;
2026-10-05;Gaspé;809;30082;30067;
2026-10-05;Gatineau;661;61707;61818;
2026-10-05;Gouin;311;42595;42935;
2026-10-05;Granby;159;58940;59023;
2026-10-05;Groulx;577;54140;54162;
2026-10-05;Hochelaga-Maisonneuve;317;40308;40602;
2026-10-05;Hull;651;60622;60768;
2026-10-05;Huntingdon;171;50279;50293;
2026-10-05;Iberville;161;51324;51350;
2026-10-05;Îles-de-la-Madeleine;811;11151;11138;
2026-10-05;Jacques-Cartier;259;48241;48314;
2026-10-05;Jean-Lesage;757;44159;44375;
2026-10-05;Jeanne-Mance-Viger;331;49776;49923;
2026-10-05;Jean-Talon;707;47187;47459;
2026-10-05;Joliette;629;59280;59329;
2026-10-05;Jonquière;823;45307;45351;
2026-10-05;Labelle;649;54333;54339;
2026-10-05;Lac-Saint-Jean;827;44702;44702;
2026-10-05;LaFontaine;339;42386;42472;
2026-10-05;La Peltrie;729;59417;59581;
2026-10-05;La Pinière;201;58488;58652;
2026-10-05;La Prairie;199;50658;50763;
2026-10-05;L'Assomption;621;57087;57133;
2026-10-05;Laurier-Dorion;307;43970;44228;
2026-10-05;Laval-des-Rapides;347;56436;56583;
2026-10-05;Laviolette-Saint-Maurice;697;60780;60799;
2026-10-05;Les Plaines;601;49764;49831;
2026-10-05;Lévis;791;53708;53844;
2026-10-05;Lotbinière-Frontenac;787;59506;59511;
2026-10-05;Louis-Hébert;709;48098;48095;
2026-10-05;Marguerite-Bourgeoys;251;53038;53184;
2026-10-05;Marie-Lacoste-Gérin-Lajoie;139;46305;46339;
2026-10-05;Marie-Victorin;219;44352;44506;
2026-10-05;Marquette;257;45400;45446;
2026-10-05;Maskinongé;693;48211;48231;
2026-10-05;Masson;611;55226;55296;
2026-10-05;Matane-Matapédia-Mitis;807;46483;46468;
2026-10-05;Maurice-Richard;301;45737;45922;
2026-10-05;Mégantic;117;51853;51870;
2026-10-05;Mercier;313;44882;45263;
2026-10-05;Mille-Îles;571;49876;49972;
2026-10-05;Mirabel;587;55216;55303;
2026-10-05;Montarville;227;53782;53785;
2026-10-05;Montmorency;761;58039;58127;
2026-10-05;Mont-Royal-Outremont;297;58525;58739;
2026-10-05;Nelligan;261;58035;58133;
2026-10-05;Nicolet-Bécancour;151;41189;41190;
2026-10-05;Notre-Dame-de-Grâce;279;47042;47126;
2026-10-05;Orford;127;47770;47753;
2026-10-05;Papineau;669;60742;60829;
2026-10-05;Pierre-Laporte;217;52893;53008;
2026-10-05;Pointe-aux-Trembles;341;40142;40230;
2026-10-05;Pontiac;657;56214;56316;
2026-10-05;Portneuf;727;56043;56082;
2026-10-05;Prévost;637;53233;53248;
2026-10-05;René-Lévesque;817;32005;31991;
2026-10-05;Repentigny;617;56605;56684;
2026-10-05;Richelieu;241;54120;54137;
2026-10-05;Richmond;137;59208;59254;
2026-10-05;Rimouski;803;46434;46477;
2026-10-05;Riv.-du-Loup-Témis.-Basques;801;52065;52075;
2026-10-05;Robert-Baldwin;267;55009;55076;
2026-10-05;Roberval;829;44555;44548;
2026-10-05;Rosemont;319;51843;52075;
2026-10-05;Rousseau;631;49416;49458;
2026-10-05;Rouyn-Noranda-Témiscamingue;671;44460;44444;
2026-10-05;Saint-François;119;54903;55004;
2026-10-05;Saint-Henri-Sainte-Anne;281;59640;60058;
2026-10-05;Saint-Hyacinthe;239;55577;55605;
2026-10-05;Saint-Jean;167;61489;61510;
2026-10-05;Saint-Jérôme;597;45919;45964;
2026-10-05;Saint-Laurent;271;59278;59520;
2026-10-05;Sainte-Marie-Saint-Jacques;287;42356;42564;
2026-10-05;Sainte-Rose;359;58051;58200;
2026-10-05;Sanguinet;197;45332;45421;
2026-10-05;Sherbrooke;121;53321;53496;
2026-10-05;Soulanges;181;58935;58980;
2026-10-05;Taillon;221;52058;52144;
2026-10-05;Taschereau;751;47998;48384;
2026-10-05;Terrebonne;609;55183;55232;
2026-10-05;Trois-Rivières;691;53912;54027;
2026-10-05;Ungava;831;30745;30732;
2026-10-05;Vachon;211;54006;54165;
2026-10-05;Vanier-Les Rivières;749;59393;59526;
2026-10-05;Vaudreuil;187;62243;62366;
2026-10-05;Verchères;231;56374;56391;
2026-10-05;Verdun;247;49455;49741;
2026-10-05;Viau;321;39166;39324;
2026-10-05;Vimont-Auteuil;569;46892;46964;
2026-10-05;Westmount-Saint-Louis;291;52574;52830;
